model,cap,ctx,gpu,phase,metric,value,note
qwen36-35b-a3b,3G,4096,off,decode,s/tok,1.9,
qwen36-35b-a3b,3G,4096,off,decode,bytes_per_token_MiB,575.48,
qwen36-35b-a3b,3G,4096,on,decode,status,REFUSED,REFUSED: cap leaves 0 MiB of cache but output.weight needs 515 MiB whole; try --cap 4G
qwen36-35b-a3b,3G,32768,off,decode,s/tok,2.0,
qwen36-35b-a3b,3G,32768,off,decode,bytes_per_token_MiB,623.11,
qwen36-35b-a3b,3G,32768,off,prefill,wall_s,514.3,6594 tokens incl load
qwen36-35b-a3b,3G,32768,off,prefill,tok_per_s,12.8,
qwen36-35b-a3b,3G,32768,on,decode,status,REFUSED,REFUSED: cap leaves 0 MiB of cache but output.weight needs 515 MiB whole; try --cap 4G
qwen36-35b-a3b,3G,32768,on,prefill,status,REFUSED,
qwen36-35b-a3b,8G,4096,off,decode,s/tok,1.7,
qwen36-35b-a3b,8G,4096,off,decode,bytes_per_token_MiB,415.48,
qwen36-35b-a3b,8G,4096,on,decode,s/tok,1.8,
qwen36-35b-a3b,8G,4096,on,decode,bytes_per_token_MiB,415.48,
qwen36-35b-a3b,8G,32768,off,decode,s/tok,1.7,
qwen36-35b-a3b,8G,32768,off,decode,bytes_per_token_MiB,427.40,
qwen36-35b-a3b,8G,32768,off,prefill,wall_s,515.8,6594 tokens incl load
qwen36-35b-a3b,8G,32768,off,prefill,tok_per_s,12.8,
qwen36-35b-a3b,8G,32768,on,decode,s/tok,2.0,
qwen36-35b-a3b,8G,32768,on,decode,bytes_per_token_MiB,427.40,
qwen36-35b-a3b,8G,32768,on,prefill,wall_s,19.2,6594 tokens incl load
qwen36-35b-a3b,8G,32768,on,prefill,tok_per_s,343.4,
qwen36-35b-a3b,28G,4096,off,decode,tok/s,5.7,
qwen36-35b-a3b,28G,4096,off,decode,bytes_per_token_B,0,
qwen36-35b-a3b,28G,4096,on,decode,tok/s,3.1,
qwen36-35b-a3b,28G,4096,on,decode,bytes_per_token_B,0,
qwen36-35b-a3b,28G,32768,off,decode,tok/s,5.9,
qwen36-35b-a3b,28G,32768,off,decode,bytes_per_token_B,0,
qwen36-35b-a3b,28G,32768,off,prefill,wall_s,430.3,6594 tokens incl load
qwen36-35b-a3b,28G,32768,off,prefill,tok_per_s,15.3,
qwen36-35b-a3b,28G,32768,on,decode,tok/s,3.2,
qwen36-35b-a3b,28G,32768,on,decode,bytes_per_token_B,0,
qwen36-35b-a3b,28G,32768,on,prefill,wall_s,36.5,6594 tokens incl load
qwen36-35b-a3b,28G,32768,on,prefill,tok_per_s,180.7,
qwen38-27b-dense,4G,4096,off,decode,s/tok,3.3,
qwen38-27b-dense,4G,4096,off,decode,bytes_per_token_GiB,12.74,
qwen38-27b-dense,4G,4096,on,decode,status,REFUSED,REFUSED: cap leaves 0 MiB of cache but output.weight needs 994 MiB whole; try --cap 5G
qwen38-27b-dense,4G,32768,off,decode,s/tok,3.2,
qwen38-27b-dense,4G,32768,off,decode,bytes_per_token_GiB,13.81,
qwen38-27b-dense,4G,32768,off,prefill,wall_s,2779.9,6594 tokens incl load
qwen38-27b-dense,4G,32768,off,prefill,tok_per_s,2.4,
qwen38-27b-dense,4G,32768,on,decode,status,REFUSED,REFUSED: cap leaves 0 MiB of cache but output.weight needs 994 MiB whole; try --cap 5G
qwen38-27b-dense,4G,32768,on,prefill,status,REFUSED,
qwen38-27b-dense,8G,4096,off,decode,s/tok,2.6,
qwen38-27b-dense,8G,4096,off,decode,bytes_per_token_GiB,8.74,
qwen38-27b-dense,8G,4096,on,decode,s/tok,2.8,
qwen38-27b-dense,8G,4096,on,decode,bytes_per_token_GiB,8.74,
qwen38-27b-dense,8G,32768,off,decode,s/tok,2.8,
qwen38-27b-dense,8G,32768,off,decode,bytes_per_token_GiB,9.81,
qwen38-27b-dense,8G,32768,off,prefill,wall_s,2641,6594 tokens incl load
qwen38-27b-dense,8G,32768,off,prefill,tok_per_s,2.5,
qwen38-27b-dense,8G,32768,on,decode,status,REFUSED,REFUSED: cap leaves 510 MiB of cache but output.weight needs 994 MiB whole; try --cap 9G
qwen38-27b-dense,8G,32768,on,prefill,status,REFUSED,
qwen38-27b-dense,20G,4096,off,decode,tok/s,1.2,
qwen38-27b-dense,20G,4096,off,decode,bytes_per_token_B,0,
qwen38-27b-dense,20G,4096,on,decode,status,REFUSED,
qwen38-27b-dense,20G,32768,off,decode,tok/s,1.2,
qwen38-27b-dense,20G,32768,off,decode,bytes_per_token_B,0,
qwen38-27b-dense,20G,32768,off,prefill,wall_s,2498.7,6594 tokens incl load
qwen38-27b-dense,20G,32768,off,prefill,tok_per_s,2.6,
qwen38-27b-dense,20G,32768,on,decode,status,REFUSED,
qwen38-27b-dense,20G,32768,on,prefill,status,REFUSED,
qwen35-122b-a10b,3G,4096,off,decode,s/tok,2.6,
qwen35-122b-a10b,3G,4096,off,decode,bytes_per_token_GiB,2.50,
qwen35-122b-a10b,3G,4096,on,decode,status,REFUSED,REFUSED: cap leaves 0 MiB of cache but output.weight needs 409 MiB whole; try --cap 4G
qwen35-122b-a10b,3G,32768,off,decode,s/tok,2.4,
qwen35-122b-a10b,3G,32768,off,decode,bytes_per_token_GiB,3.01,
qwen35-122b-a10b,3G,32768,off,prefill,wall_s,1565.4,6594 tokens incl load
qwen35-122b-a10b,3G,32768,off,prefill,tok_per_s,4.2,
qwen35-122b-a10b,3G,32768,on,decode,status,REFUSED,REFUSED: cap leaves 0 MiB of cache but output.weight needs 409 MiB whole; try --cap 4G
qwen35-122b-a10b,3G,32768,on,prefill,status,REFUSED,
qwen35-122b-a10b,12G,4096,off,decode,s/tok,2.3,
qwen35-122b-a10b,12G,4096,off,decode,bytes_per_token_MiB,872.22,
qwen35-122b-a10b,12G,4096,on,decode,s/tok,2.6,
qwen35-122b-a10b,12G,4096,on,decode,bytes_per_token_MiB,872.22,
qwen35-122b-a10b,12G,32768,off,decode,s/tok,2.5,
qwen35-122b-a10b,12G,32768,off,decode,bytes_per_token_MiB,888.63,
qwen35-122b-a10b,12G,32768,off,prefill,wall_s,1646.1,6594 tokens incl load
qwen35-122b-a10b,12G,32768,off,prefill,tok_per_s,4,
qwen35-122b-a10b,12G,32768,on,decode,s/tok,2.7,
qwen35-122b-a10b,12G,32768,on,decode,bytes_per_token_MiB,888.63,
qwen35-122b-a10b,12G,32768,on,prefill,wall_s,23.5,6594 tokens incl load
qwen35-122b-a10b,12G,32768,on,prefill,tok_per_s,280.6,
qwen35-122b-a10b,28G,4096,off,decode,s/tok,2.6,
qwen35-122b-a10b,28G,4096,off,decode,bytes_per_token_MiB,360.22,
qwen35-122b-a10b,28G,4096,on,decode,s/tok,2.7,
qwen35-122b-a10b,28G,4096,on,decode,bytes_per_token_MiB,360.22,
qwen35-122b-a10b,28G,32768,off,decode,s/tok,2.6,
qwen35-122b-a10b,28G,32768,off,decode,bytes_per_token_MiB,376.63,
qwen35-122b-a10b,28G,32768,off,prefill,wall_s,1645.7,6594 tokens incl load
qwen35-122b-a10b,28G,32768,off,prefill,tok_per_s,4,
qwen35-122b-a10b,28G,32768,on,decode,s/tok,2.5,
qwen35-122b-a10b,28G,32768,on,decode,bytes_per_token_MiB,376.63,
qwen35-122b-a10b,28G,32768,on,prefill,wall_s,22.8,6594 tokens incl load
qwen35-122b-a10b,28G,32768,on,prefill,tok_per_s,289.2,
deepseek-v4-flash,3G,4096,off,decode,s/tok,4.6,
deepseek-v4-flash,3G,4096,off,decode,bytes_per_token_GiB,5.80,
deepseek-v4-flash,3G,4096,on,decode,status,REFUSED,REFUSED: cap leaves 0 MiB of cache but output.weight needs 284 MiB whole; try --cap 4G
deepseek-v4-flash,3G,32768,off,decode,s/tok,4.8,
deepseek-v4-flash,3G,32768,off,decode,bytes_per_token_GiB,6.89,
deepseek-v4-flash,3G,32768,off,prefill,status,REFUSED,
deepseek-v4-flash,3G,32768,on,decode,status,REFUSED,REFUSED: cap leaves 0 MiB of cache but output.weight needs 284 MiB whole; try --cap 4G
deepseek-v4-flash,3G,32768,on,prefill,status,REFUSED,
deepseek-v4-flash,8G,4096,off,decode,s/tok,3.9,
deepseek-v4-flash,8G,4096,off,decode,bytes_per_token_GiB,1.93,
deepseek-v4-flash,8G,4096,on,decode,s/tok,4.5,
deepseek-v4-flash,8G,4096,on,decode,bytes_per_token_GiB,1.93,
deepseek-v4-flash,8G,32768,off,decode,s/tok,4.5,
deepseek-v4-flash,8G,32768,off,decode,bytes_per_token_GiB,1.96,
deepseek-v4-flash,8G,32768,off,prefill,status,REFUSED,
deepseek-v4-flash,8G,32768,on,decode,s/tok,6.2,
deepseek-v4-flash,8G,32768,on,decode,bytes_per_token_GiB,1.96,
deepseek-v4-flash,8G,32768,on,prefill,status,REFUSED,
deepseek-v4-flash,24G,4096,off,decode,s/tok,3.8,
deepseek-v4-flash,24G,4096,off,decode,bytes_per_token_GiB,1.56,
deepseek-v4-flash,24G,4096,on,decode,s/tok,3.9,
deepseek-v4-flash,24G,4096,on,decode,bytes_per_token_GiB,1.56,
deepseek-v4-flash,24G,32768,off,decode,s/tok,3.8,
deepseek-v4-flash,24G,32768,off,decode,bytes_per_token_GiB,1.58,
deepseek-v4-flash,24G,32768,off,prefill,wall_s,2543.3,6729 tokens incl load
deepseek-v4-flash,24G,32768,off,prefill,tok_per_s,2.6,
deepseek-v4-flash,24G,32768,on,decode,s/tok,4.2,
deepseek-v4-flash,24G,32768,on,decode,bytes_per_token_GiB,1.58,
deepseek-v4-flash,24G,32768,on,prefill,status,REFUSED,
glm-5.2-744b,8G,4096,off,decode,s/tok,8.6,
glm-5.2-744b,8G,4096,off,decode,bytes_per_token_GiB,12.80,
glm-5.2-744b,8G,4096,on,decode,status,REFUSED,REFUSED: cap leaves 0 MiB of cache but output.weight needs 510 MiB whole; try --cap 9G
glm-5.2-744b,28G,4096,off,decode,s/tok,8.3,
glm-5.2-744b,28G,4096,off,decode,bytes_per_token_GiB,5.45,
glm-5.2-744b,28G,4096,on,decode,s/tok,8.6,
glm-5.2-744b,28G,4096,on,decode,bytes_per_token_GiB,5.45,
minimax-m3,8G,4096,off,decode,s/tok,6.8,
minimax-m3,8G,4096,off,decode,bytes_per_token_GiB,4.77,
minimax-m3,8G,4096,on,decode,status,REFUSED,REFUSED: cap leaves 0 MiB of cache but output.weight needs 659 MiB whole; try --cap 9G
minimax-m3,28G,4096,off,decode,s/tok,5.3,
minimax-m3,28G,4096,off,decode,bytes_per_token_GiB,3.30,
minimax-m3,28G,4096,on,decode,s/tok,5.5,
minimax-m3,28G,4096,on,decode,bytes_per_token_GiB,3.30,
kimi-k3-2.8t,9G,4096,off,decode,s/tok,25.8,
kimi-k3-2.8t,9G,4096,off,decode,bytes_per_token_GiB,46.22,
kimi-k3-2.8t,9G,4096,on,decode,status,REFUSED,REFUSED: cap leaves 0 MiB of cache but output.weight needs 918 MiB whole; try --cap 10G
kimi-k3-2.8t,28G,4096,off,decode,s/tok,24.3,
kimi-k3-2.8t,28G,4096,off,decode,bytes_per_token_GiB,27.22,
kimi-k3-2.8t,28G,4096,on,decode,s/tok,26.1,
kimi-k3-2.8t,28G,4096,on,decode,bytes_per_token_GiB,27.22,
